<annotation>
	<folder>turn_sign</folder>
	<filename>11.jpeg</filename>
	<path>/Users/Alikhan/Desktop/turn_sign/11.jpeg</path>
	<source>
		<database>Unknown</database>
	</source>
	<size>
		<width>1300</width>
		<height>958</height>
		<depth>3</depth>
	</size>
	<segmented>0</segmented>
	<object>
		<name>turn_sign</name>
		<pose>Unspecified</pose>
		<truncated>0</truncated>
		<difficult>0</difficult>
		<bndbox>
			<xmin>626</xmin>
			<ymin>150</ymin>
			<xmax>1083</xmax>
			<ymax>610</ymax>
		</bndbox>
	</object>
</annotation>
