<annotation>
	<folder>turn_sign</folder>
	<filename>12.jpeg</filename>
	<path>/Users/Alikhan/Desktop/turn_sign/12.jpeg</path>
	<source>
		<database>Unknown</database>
	</source>
	<size>
		<width>300</width>
		<height>195</height>
		<depth>3</depth>
	</size>
	<segmented>0</segmented>
	<object>
		<name>turn_sign</name>
		<pose>Unspecified</pose>
		<truncated>0</truncated>
		<difficult>0</difficult>
		<bndbox>
			<xmin>187</xmin>
			<ymin>13</ymin>
			<xmax>284</xmax>
			<ymax>108</ymax>
		</bndbox>
	</object>
</annotation>
