<annotation>
	<folder>turn_sign</folder>
	<filename>12trn.jpeg</filename>
	<path>/Users/Alikhan/Desktop/turn_sign/12trn.jpeg</path>
	<source>
		<database>Unknown</database>
	</source>
	<size>
		<width>300</width>
		<height>195</height>
		<depth>3</depth>
	</size>
	<segmented>0</segmented>
	<object>
		<name>turn_sign</name>
		<pose>Unspecified</pose>
		<truncated>0</truncated>
		<difficult>0</difficult>
		<bndbox>
			<xmin>189</xmin>
			<ymin>14</ymin>
			<xmax>284</xmax>
			<ymax>107</ymax>
		</bndbox>
	</object>
</annotation>
