<annotation>
	<folder>turn_sign</folder>
	<filename>15.jpg</filename>
	<path>/Users/Alikhan/Desktop/turn_sign/15.jpg</path>
	<source>
		<database>Unknown</database>
	</source>
	<size>
		<width>1300</width>
		<height>953</height>
		<depth>3</depth>
	</size>
	<segmented>0</segmented>
	<object>
		<name>turn_sign</name>
		<pose>Unspecified</pose>
		<truncated>0</truncated>
		<difficult>0</difficult>
		<bndbox>
			<xmin>192</xmin>
			<ymin>128</ymin>
			<xmax>670</xmax>
			<ymax>600</ymax>
		</bndbox>
	</object>
</annotation>
