<annotation>
	<folder>turn_sign</folder>
	<filename>15trn.jpg</filename>
	<path>/Users/Alikhan/Desktop/turn_sign/15trn.jpg</path>
	<source>
		<database>Unknown</database>
	</source>
	<size>
		<width>1300</width>
		<height>953</height>
		<depth>3</depth>
	</size>
	<segmented>0</segmented>
	<object>
		<name>turn_sign</name>
		<pose>Unspecified</pose>
		<truncated>0</truncated>
		<difficult>0</difficult>
		<bndbox>
			<xmin>188</xmin>
			<ymin>133</ymin>
			<xmax>671</xmax>
			<ymax>598</ymax>
		</bndbox>
	</object>
</annotation>
