<annotation>
	<folder>turn_sign</folder>
	<filename>16.jpg</filename>
	<path>/Users/Alikhan/Desktop/turn_sign/16.jpg</path>
	<source>
		<database>Unknown</database>
	</source>
	<size>
		<width>1600</width>
		<height>1156</height>
		<depth>3</depth>
	</size>
	<segmented>0</segmented>
	<object>
		<name>turn_sign</name>
		<pose>Unspecified</pose>
		<truncated>0</truncated>
		<difficult>0</difficult>
		<bndbox>
			<xmin>128</xmin>
			<ymin>82</ymin>
			<xmax>874</xmax>
			<ymax>809</ymax>
		</bndbox>
	</object>
</annotation>
