<annotation>
	<folder>turn_sign</folder>
	<filename>18trn.jpeg</filename>
	<path>/Users/Alikhan/Desktop/turn_sign/18trn.jpeg</path>
	<source>
		<database>Unknown</database>
	</source>
	<size>
		<width>1500</width>
		<height>1143</height>
		<depth>3</depth>
	</size>
	<segmented>0</segmented>
	<object>
		<name>turn_sign</name>
		<pose>Unspecified</pose>
		<truncated>0</truncated>
		<difficult>0</difficult>
		<bndbox>
			<xmin>123</xmin>
			<ymin>169</ymin>
			<xmax>931</xmax>
			<ymax>966</ymax>
		</bndbox>
	</object>
</annotation>
