<annotation>
	<folder>turn_sign</folder>
	<filename>20.jpeg</filename>
	<path>/Users/Alikhan/Desktop/turn_sign/20.jpeg</path>
	<source>
		<database>Unknown</database>
	</source>
	<size>
		<width>1300</width>
		<height>894</height>
		<depth>3</depth>
	</size>
	<segmented>0</segmented>
	<object>
		<name>turn_sign</name>
		<pose>Unspecified</pose>
		<truncated>0</truncated>
		<difficult>0</difficult>
		<bndbox>
			<xmin>112</xmin>
			<ymin>253</ymin>
			<xmax>466</xmax>
			<ymax>609</ymax>
		</bndbox>
	</object>
</annotation>
