<annotation>
	<folder>turn_sign</folder>
	<filename>21.jpeg</filename>
	<path>/Users/Alikhan/Desktop/turn_sign/21.jpeg</path>
	<source>
		<database>Unknown</database>
	</source>
	<size>
		<width>600</width>
		<height>900</height>
		<depth>3</depth>
	</size>
	<segmented>0</segmented>
	<object>
		<name>turn_sign</name>
		<pose>Unspecified</pose>
		<truncated>0</truncated>
		<difficult>0</difficult>
		<bndbox>
			<xmin>87</xmin>
			<ymin>69</ymin>
			<xmax>403</xmax>
			<ymax>355</ymax>
		</bndbox>
	</object>
</annotation>
