<annotation>
	<folder>turn_sign</folder>
	<filename>22.jpeg</filename>
	<path>/Users/Alikhan/Desktop/turn_sign/22.jpeg</path>
	<source>
		<database>Unknown</database>
	</source>
	<size>
		<width>1500</width>
		<height>1098</height>
		<depth>3</depth>
	</size>
	<segmented>0</segmented>
	<object>
		<name>turn_sign</name>
		<pose>Unspecified</pose>
		<truncated>0</truncated>
		<difficult>0</difficult>
		<bndbox>
			<xmin>323</xmin>
			<ymin>128</ymin>
			<xmax>880</xmax>
			<ymax>682</ymax>
		</bndbox>
	</object>
</annotation>
