<annotation>
	<folder>turn_sign</folder>
	<filename>26.jpeg</filename>
	<path>/Users/Alikhan/Desktop/turn_sign/26.jpeg</path>
	<source>
		<database>Unknown</database>
	</source>
	<size>
		<width>251</width>
		<height>251</height>
		<depth>3</depth>
	</size>
	<segmented>0</segmented>
	<object>
		<name>turn_sign</name>
		<pose>Unspecified</pose>
		<truncated>0</truncated>
		<difficult>0</difficult>
		<bndbox>
			<xmin>3</xmin>
			<ymin>4</ymin>
			<xmax>248</xmax>
			<ymax>248</ymax>
		</bndbox>
	</object>
</annotation>
