<annotation>
	<folder>turn_sign</folder>
	<filename>27.jpeg</filename>
	<path>/Users/Alikhan/Desktop/turn_sign/27.jpeg</path>
	<source>
		<database>Unknown</database>
	</source>
	<size>
		<width>998</width>
		<height>1600</height>
		<depth>3</depth>
	</size>
	<segmented>0</segmented>
	<object>
		<name>turn_sign</name>
		<pose>Unspecified</pose>
		<truncated>0</truncated>
		<difficult>0</difficult>
		<bndbox>
			<xmin>145</xmin>
			<ymin>81</ymin>
			<xmax>863</xmax>
			<ymax>801</ymax>
		</bndbox>
	</object>
</annotation>
