<annotation>
	<folder>turn_sign</folder>
	<filename>28.jpeg</filename>
	<path>/Users/Alikhan/Desktop/turn_sign/28.jpeg</path>
	<source>
		<database>Unknown</database>
	</source>
	<size>
		<width>1125</width>
		<height>1600</height>
		<depth>3</depth>
	</size>
	<segmented>0</segmented>
	<object>
		<name>turn_sign</name>
		<pose>Unspecified</pose>
		<truncated>0</truncated>
		<difficult>0</difficult>
		<bndbox>
			<xmin>68</xmin>
			<ymin>263</ymin>
			<xmax>1073</xmax>
			<ymax>1241</ymax>
		</bndbox>
	</object>
</annotation>
