<annotation>
	<folder>turn_sign</folder>
	<filename>29.jpeg</filename>
	<path>/Users/Alikhan/Desktop/turn_sign/29.jpeg</path>
	<source>
		<database>Unknown</database>
	</source>
	<size>
		<width>974</width>
		<height>1360</height>
		<depth>3</depth>
	</size>
	<segmented>0</segmented>
	<object>
		<name>turn_sign</name>
		<pose>Unspecified</pose>
		<truncated>0</truncated>
		<difficult>0</difficult>
		<bndbox>
			<xmin>67</xmin>
			<ymin>181</ymin>
			<xmax>895</xmax>
			<ymax>936</ymax>
		</bndbox>
	</object>
</annotation>
