<annotation>
	<folder>turn_sign</folder>
	<filename>3.jpeg</filename>
	<path>/Users/Alikhan/Desktop/turn_sign/3.jpeg</path>
	<source>
		<database>Unknown</database>
	</source>
	<size>
		<width>974</width>
		<height>1360</height>
		<depth>3</depth>
	</size>
	<segmented>0</segmented>
	<object>
		<name>turn_sign</name>
		<pose>Unspecified</pose>
		<truncated>0</truncated>
		<difficult>0</difficult>
		<bndbox>
			<xmin>26</xmin>
			<ymin>145</ymin>
			<xmax>971</xmax>
			<ymax>996</ymax>
		</bndbox>
	</object>
</annotation>
