<annotation>
	<folder>turn_sign</folder>
	<filename>30.jpeg</filename>
	<path>/Users/Alikhan/Desktop/turn_sign/30.jpeg</path>
	<source>
		<database>Unknown</database>
	</source>
	<size>
		<width>1000</width>
		<height>743</height>
		<depth>3</depth>
	</size>
	<segmented>0</segmented>
	<object>
		<name>turn_sign</name>
		<pose>Unspecified</pose>
		<truncated>0</truncated>
		<difficult>0</difficult>
		<bndbox>
			<xmin>93</xmin>
			<ymin>21</ymin>
			<xmax>794</xmax>
			<ymax>719</ymax>
		</bndbox>
	</object>
</annotation>
