<annotation>
	<folder>turn_sign</folder>
	<filename>3trn0.jpeg</filename>
	<path>/Users/Alikhan/Desktop/turn_sign/3trn0.jpeg</path>
	<source>
		<database>Unknown</database>
	</source>
	<size>
		<width>1000</width>
		<height>743</height>
		<depth>3</depth>
	</size>
	<segmented>0</segmented>
	<object>
		<name>turn_sign</name>
		<pose>Unspecified</pose>
		<truncated>0</truncated>
		<difficult>0</difficult>
		<bndbox>
			<xmin>98</xmin>
			<ymin>24</ymin>
			<xmax>792</xmax>
			<ymax>718</ymax>
		</bndbox>
	</object>
</annotation>
