<annotation>
	<folder>turn_sign</folder>
	<filename>4.jpeg</filename>
	<path>/Users/Alikhan/Desktop/turn_sign/4.jpeg</path>
	<source>
		<database>Unknown</database>
	</source>
	<size>
		<width>600</width>
		<height>600</height>
		<depth>3</depth>
	</size>
	<segmented>0</segmented>
	<object>
		<name>turn_sign</name>
		<pose>Unspecified</pose>
		<truncated>0</truncated>
		<difficult>0</difficult>
		<bndbox>
			<xmin>113</xmin>
			<ymin>118</ymin>
			<xmax>483</xmax>
			<ymax>483</ymax>
		</bndbox>
	</object>
</annotation>
