<annotation>
	<folder>turn_sign</folder>
	<filename>trn2.jpeg</filename>
	<path>/Users/Alikhan/Desktop/turn_sign/trn2.jpeg</path>
	<source>
		<database>Unknown</database>
	</source>
	<size>
		<width>956</width>
		<height>1300</height>
		<depth>3</depth>
	</size>
	<segmented>0</segmented>
	<object>
		<name>turn_sign</name>
		<pose>Unspecified</pose>
		<truncated>0</truncated>
		<difficult>0</difficult>
		<bndbox>
			<xmin>12</xmin>
			<ymin>185</ymin>
			<xmax>792</xmax>
			<ymax>850</ymax>
		</bndbox>
	</object>
</annotation>
