<annotation>
	<folder>turn_sign</folder>
	<filename>trn4.jpeg</filename>
	<path>/Users/Alikhan/Desktop/turn_sign/trn4.jpeg</path>
	<source>
		<database>Unknown</database>
	</source>
	<size>
		<width>600</width>
		<height>600</height>
		<depth>3</depth>
	</size>
	<segmented>0</segmented>
	<object>
		<name>turn_sign</name>
		<pose>Unspecified</pose>
		<truncated>0</truncated>
		<difficult>0</difficult>
		<bndbox>
			<xmin>110</xmin>
			<ymin>119</ymin>
			<xmax>480</xmax>
			<ymax>482</ymax>
		</bndbox>
	</object>
</annotation>
