<annotation>
	<folder>turn_sign</folder>
	<filename>trn5.jpeg</filename>
	<path>/Users/Alikhan/Desktop/turn_sign/trn5.jpeg</path>
	<source>
		<database>Unknown</database>
	</source>
	<size>
		<width>1300</width>
		<height>957</height>
		<depth>3</depth>
	</size>
	<segmented>0</segmented>
	<object>
		<name>turn_sign</name>
		<pose>Unspecified</pose>
		<truncated>0</truncated>
		<difficult>0</difficult>
		<bndbox>
			<xmin>874</xmin>
			<ymin>300</ymin>
			<xmax>1148</xmax>
			<ymax>576</ymax>
		</bndbox>
	</object>
</annotation>
