<annotation>
	<folder>turn_sign</folder>
	<filename>trn9.jpeg</filename>
	<path>/Users/Alikhan/Desktop/turn_sign/trn9.jpeg</path>
	<source>
		<database>Unknown</database>
	</source>
	<size>
		<width>416</width>
		<height>294</height>
		<depth>3</depth>
	</size>
	<segmented>0</segmented>
	<object>
		<name>turn_sign</name>
		<pose>Unspecified</pose>
		<truncated>0</truncated>
		<difficult>0</difficult>
		<bndbox>
			<xmin>213</xmin>
			<ymin>8</ymin>
			<xmax>371</xmax>
			<ymax>158</ymax>
		</bndbox>
	</object>
</annotation>
