<annotation>
	<folder>50 speed sign</folder>
	<filename>10.jpeg</filename>
	<path>/Users/Alikhan/Desktop/50 speed sign/10.jpeg</path>
	<source>
		<database>Unknown</database>
	</source>
	<size>
		<width>844</width>
		<height>1390</height>
		<depth>3</depth>
	</size>
	<segmented>0</segmented>
	<object>
		<name>speed_sign</name>
		<pose>Unspecified</pose>
		<truncated>0</truncated>
		<difficult>0</difficult>
		<bndbox>
			<xmin>122</xmin>
			<ymin>141</ymin>
			<xmax>683</xmax>
			<ymax>662</ymax>
		</bndbox>
	</object>
</annotation>
