<annotation>
	<folder>50 speed sign</folder>
	<filename>11.jpeg</filename>
	<path>/Users/Alikhan/Desktop/50 speed sign/11.jpeg</path>
	<source>
		<database>Unknown</database>
	</source>
	<size>
		<width>866</width>
		<height>1390</height>
		<depth>3</depth>
	</size>
	<segmented>0</segmented>
	<object>
		<name>speed_sign</name>
		<pose>Unspecified</pose>
		<truncated>0</truncated>
		<difficult>0</difficult>
		<bndbox>
			<xmin>137</xmin>
			<ymin>60</ymin>
			<xmax>718</xmax>
			<ymax>576</ymax>
		</bndbox>
	</object>
</annotation>
