<annotation>
	<folder>50 speed_sign</folder>
	<filename>11spd.jpeg</filename>
	<path>/Users/Alikhan/Desktop/50 speed_sign/11spd.jpeg</path>
	<source>
		<database>Unknown</database>
	</source>
	<size>
		<width>866</width>
		<height>1390</height>
		<depth>3</depth>
	</size>
	<segmented>0</segmented>
	<object>
		<name>speed_sign</name>
		<pose>Unspecified</pose>
		<truncated>0</truncated>
		<difficult>0</difficult>
		<bndbox>
			<xmin>133</xmin>
			<ymin>64</ymin>
			<xmax>735</xmax>
			<ymax>587</ymax>
		</bndbox>
	</object>
</annotation>
