<annotation>
	<folder>50 speed sign</folder>
	<filename>12.jpeg</filename>
	<path>/Users/Alikhan/Desktop/50 speed sign/12.jpeg</path>
	<source>
		<database>Unknown</database>
	</source>
	<size>
		<width>1300</width>
		<height>954</height>
		<depth>3</depth>
	</size>
	<segmented>0</segmented>
	<object>
		<name>speed_sign</name>
		<pose>Unspecified</pose>
		<truncated>0</truncated>
		<difficult>0</difficult>
		<bndbox>
			<xmin>532</xmin>
			<ymin>33</ymin>
			<xmax>1110</xmax>
			<ymax>608</ymax>
		</bndbox>
	</object>
</annotation>
