<annotation>
	<folder>50 speed_sign</folder>
	<filename>15spd.jpeg</filename>
	<path>/Users/Alikhan/Desktop/50 speed_sign/15spd.jpeg</path>
	<source>
		<database>Unknown</database>
	</source>
	<size>
		<width>320</width>
		<height>240</height>
		<depth>3</depth>
	</size>
	<segmented>0</segmented>
	<object>
		<name>speed_sign</name>
		<pose>Unspecified</pose>
		<truncated>0</truncated>
		<difficult>0</difficult>
		<bndbox>
			<xmin>192</xmin>
			<ymin>55</ymin>
			<xmax>234</xmax>
			<ymax>95</ymax>
		</bndbox>
	</object>
</annotation>
