<annotation>
	<folder>50 speed sign</folder>
	<filename>16.jpeg</filename>
	<path>/Users/Alikhan/Desktop/50 speed sign/16.jpeg</path>
	<source>
		<database>Unknown</database>
	</source>
	<size>
		<width>600</width>
		<height>900</height>
		<depth>3</depth>
	</size>
	<segmented>0</segmented>
	<object>
		<name>speed_sign</name>
		<pose>Unspecified</pose>
		<truncated>0</truncated>
		<difficult>0</difficult>
		<bndbox>
			<xmin>69</xmin>
			<ymin>390</ymin>
			<xmax>544</xmax>
			<ymax>840</ymax>
		</bndbox>
	</object>
</annotation>
