<annotation>
	<folder>50 speed_sign</folder>
	<filename>16spd.jpeg</filename>
	<path>/Users/Alikhan/Desktop/50 speed_sign/16spd.jpeg</path>
	<source>
		<database>Unknown</database>
	</source>
	<size>
		<width>600</width>
		<height>900</height>
		<depth>3</depth>
	</size>
	<segmented>0</segmented>
	<object>
		<name>speed_sign</name>
		<pose>Unspecified</pose>
		<truncated>0</truncated>
		<difficult>0</difficult>
		<bndbox>
			<xmin>67</xmin>
			<ymin>391</ymin>
			<xmax>543</xmax>
			<ymax>842</ymax>
		</bndbox>
	</object>
</annotation>
