<annotation>
	<folder>50 speed sign</folder>
	<filename>17.jpeg</filename>
	<path>/Users/Alikhan/Desktop/50 speed sign/17.jpeg</path>
	<source>
		<database>Unknown</database>
	</source>
	<size>
		<width>450</width>
		<height>319</height>
		<depth>3</depth>
	</size>
	<segmented>0</segmented>
	<object>
		<name>speed_sign</name>
		<pose>Unspecified</pose>
		<truncated>0</truncated>
		<difficult>0</difficult>
		<bndbox>
			<xmin>167</xmin>
			<ymin>164</ymin>
			<xmax>275</xmax>
			<ymax>274</ymax>
		</bndbox>
	</object>
</annotation>
