<annotation>
	<folder>50 speed sign</folder>
	<filename>18.jpeg</filename>
	<path>/Users/Alikhan/Desktop/50 speed sign/18.jpeg</path>
	<source>
		<database>Unknown</database>
	</source>
	<size>
		<width>877</width>
		<height>1390</height>
		<depth>3</depth>
	</size>
	<segmented>0</segmented>
	<object>
		<name>speed_sign</name>
		<pose>Unspecified</pose>
		<truncated>0</truncated>
		<difficult>0</difficult>
		<bndbox>
			<xmin>186</xmin>
			<ymin>149</ymin>
			<xmax>686</xmax>
			<ymax>649</ymax>
		</bndbox>
	</object>
</annotation>
