<annotation>
	<folder>50 speed_sign</folder>
	<filename>1spd.jpeg</filename>
	<path>/Users/Alikhan/Desktop/50 speed_sign/1spd.jpeg</path>
	<source>
		<database>Unknown</database>
	</source>
	<size>
		<width>2808</width>
		<height>2700</height>
		<depth>3</depth>
	</size>
	<segmented>0</segmented>
	<object>
		<name>speed_sign</name>
		<pose>Unspecified</pose>
		<truncated>0</truncated>
		<difficult>0</difficult>
		<bndbox>
			<xmin>246</xmin>
			<ymin>9</ymin>
			<xmax>2542</xmax>
			<ymax>2282</ymax>
		</bndbox>
	</object>
</annotation>
