<annotation>
	<folder>50 speed sign</folder>
	<filename>2.jpeg</filename>
	<path>/Users/Alikhan/Desktop/50 speed sign/2.jpeg</path>
	<source>
		<database>Unknown</database>
	</source>
	<size>
		<width>1054</width>
		<height>1500</height>
		<depth>3</depth>
	</size>
	<segmented>0</segmented>
	<object>
		<name>speed_sign</name>
		<pose>Unspecified</pose>
		<truncated>0</truncated>
		<difficult>0</difficult>
		<bndbox>
			<xmin>139</xmin>
			<ymin>302</ymin>
			<xmax>916</xmax>
			<ymax>996</ymax>
		</bndbox>
	</object>
</annotation>
