<annotation>
	<folder>50 speed_sign</folder>
	<filename>20spd.jpeg</filename>
	<path>/Users/Alikhan/Desktop/50 speed_sign/20spd.jpeg</path>
	<source>
		<database>Unknown</database>
	</source>
	<size>
		<width>252</width>
		<height>160</height>
		<depth>3</depth>
	</size>
	<segmented>0</segmented>
	<object>
		<name>speed_sign</name>
		<pose>Unspecified</pose>
		<truncated>0</truncated>
		<difficult>0</difficult>
		<bndbox>
			<xmin>68</xmin>
			<ymin>7</ymin>
			<xmax>190</xmax>
			<ymax>148</ymax>
		</bndbox>
	</object>
</annotation>
