<annotation>
	<folder>50 speed sign</folder>
	<filename>21.jpeg</filename>
	<path>/Users/Alikhan/Desktop/50 speed sign/21.jpeg</path>
	<source>
		<database>Unknown</database>
	</source>
	<size>
		<width>450</width>
		<height>320</height>
		<depth>3</depth>
	</size>
	<segmented>0</segmented>
	<object>
		<name>speed_sign</name>
		<pose>Unspecified</pose>
		<truncated>0</truncated>
		<difficult>0</difficult>
		<bndbox>
			<xmin>194</xmin>
			<ymin>21</ymin>
			<xmax>292</xmax>
			<ymax>125</ymax>
		</bndbox>
	</object>
</annotation>
