<annotation>
	<folder>50 speed sign</folder>
	<filename>25.jpeg</filename>
	<path>/Users/Alikhan/Desktop/50 speed sign/25.jpeg</path>
	<source>
		<database>Unknown</database>
	</source>
	<size>
		<width>800</width>
		<height>533</height>
		<depth>3</depth>
	</size>
	<segmented>0</segmented>
	<object>
		<name>speed_sign</name>
		<pose>Unspecified</pose>
		<truncated>0</truncated>
		<difficult>0</difficult>
		<bndbox>
			<xmin>422</xmin>
			<ymin>53</ymin>
			<xmax>741</xmax>
			<ymax>392</ymax>
		</bndbox>
	</object>
</annotation>
