<annotation>
	<folder>50 speed sign</folder>
	<filename>26.jpeg</filename>
	<path>/Users/Alikhan/Desktop/50 speed sign/26.jpeg</path>
	<source>
		<database>Unknown</database>
	</source>
	<size>
		<width>240</width>
		<height>160</height>
		<depth>3</depth>
	</size>
	<segmented>0</segmented>
	<object>
		<name>speed_sign</name>
		<pose>Unspecified</pose>
		<truncated>0</truncated>
		<difficult>0</difficult>
		<bndbox>
			<xmin>107</xmin>
			<ymin>40</ymin>
			<xmax>205</xmax>
			<ymax>127</ymax>
		</bndbox>
	</object>
</annotation>
