<annotation>
	<folder>50 speed sign</folder>
	<filename>27.jpeg</filename>
	<path>/Users/Alikhan/Desktop/50 speed sign/27.jpeg</path>
	<source>
		<database>Unknown</database>
	</source>
	<size>
		<width>657</width>
		<height>369</height>
		<depth>3</depth>
	</size>
	<segmented>0</segmented>
	<object>
		<name>speed_sign</name>
		<pose>Unspecified</pose>
		<truncated>0</truncated>
		<difficult>0</difficult>
		<bndbox>
			<xmin>220</xmin>
			<ymin>93</ymin>
			<xmax>415</xmax>
			<ymax>284</ymax>
		</bndbox>
	</object>
</annotation>
