<annotation>
	<folder>50 speed_sign</folder>
	<filename>27spd.jpeg</filename>
	<path>/Users/Alikhan/Desktop/50 speed_sign/27spd.jpeg</path>
	<source>
		<database>Unknown</database>
	</source>
	<size>
		<width>657</width>
		<height>369</height>
		<depth>3</depth>
	</size>
	<segmented>0</segmented>
	<object>
		<name>speed_sign</name>
		<pose>Unspecified</pose>
		<truncated>0</truncated>
		<difficult>0</difficult>
		<bndbox>
			<xmin>221</xmin>
			<ymin>92</ymin>
			<xmax>411</xmax>
			<ymax>283</ymax>
		</bndbox>
	</object>
</annotation>
