<annotation>
	<folder>50 speed_sign</folder>
	<filename>28spd.jpeg</filename>
	<path>/Users/Alikhan/Desktop/50 speed_sign/28spd.jpeg</path>
	<source>
		<database>Unknown</database>
	</source>
	<size>
		<width>0</width>
		<height>0</height>
		<depth>3</depth>
	</size>
	<segmented>0</segmented>
	<object>
		<name>speed_sign</name>
		<pose>Unspecified</pose>
		<truncated>0</truncated>
		<difficult>0</difficult>
		<bndbox>
			<xmin>168</xmin>
			<ymin>15</ymin>
			<xmax>423</xmax>
			<ymax>270</ymax>
		</bndbox>
	</object>
</annotation>
