<annotation>
	<folder>50 speed sign</folder>
	<filename>29.jpeg</filename>
	<path>/Users/Alikhan/Desktop/50 speed sign/29.jpeg</path>
	<source>
		<database>Unknown</database>
	</source>
	<size>
		<width>1024</width>
		<height>780</height>
		<depth>3</depth>
	</size>
	<segmented>0</segmented>
	<object>
		<name>speed_sign</name>
		<pose>Unspecified</pose>
		<truncated>0</truncated>
		<difficult>0</difficult>
		<bndbox>
			<xmin>166</xmin>
			<ymin>133</ymin>
			<xmax>338</xmax>
			<ymax>302</ymax>
		</bndbox>
	</object>
</annotation>
