<annotation>
	<folder>50 speed_sign</folder>
	<filename>2spd5.jpeg</filename>
	<path>/Users/Alikhan/Desktop/50 speed_sign/2spd5.jpeg</path>
	<source>
		<database>Unknown</database>
	</source>
	<size>
		<width>800</width>
		<height>533</height>
		<depth>3</depth>
	</size>
	<segmented>0</segmented>
	<object>
		<name>speed_sign</name>
		<pose>Unspecified</pose>
		<truncated>0</truncated>
		<difficult>0</difficult>
		<bndbox>
			<xmin>415</xmin>
			<ymin>45</ymin>
			<xmax>751</xmax>
			<ymax>402</ymax>
		</bndbox>
	</object>
</annotation>
