<annotation>
	<folder>50 speed_sign</folder>
	<filename>2spd4.jpeg</filename>
	<path>/Users/Alikhan/Desktop/50 speed_sign/2spd4.jpeg</path>
	<source>
		<database>Unknown</database>
	</source>
	<size>
		<width>1300</width>
		<height>956</height>
		<depth>3</depth>
	</size>
	<segmented>0</segmented>
	<object>
		<name>speed_sign</name>
		<pose>Unspecified</pose>
		<truncated>0</truncated>
		<difficult>0</difficult>
		<bndbox>
			<xmin>232</xmin>
			<ymin>85</ymin>
			<xmax>982</xmax>
			<ymax>786</ymax>
		</bndbox>
	</object>
</annotation>
