<annotation>
	<folder>50 speed_sign</folder>
	<filename>2spd.jpeg</filename>
	<path>/Users/Alikhan/Desktop/50 speed_sign/2spd.jpeg</path>
	<source>
		<database>Unknown</database>
	</source>
	<size>
		<width>1054</width>
		<height>1500</height>
		<depth>3</depth>
	</size>
	<segmented>0</segmented>
	<object>
		<name>speed_sign</name>
		<pose>Unspecified</pose>
		<truncated>0</truncated>
		<difficult>0</difficult>
		<bndbox>
			<xmin>139</xmin>
			<ymin>309</ymin>
			<xmax>914</xmax>
			<ymax>986</ymax>
		</bndbox>
	</object>
</annotation>
