<annotation>
	<folder>50 speed_sign</folder>
	<filename>2spd9.jpeg</filename>
	<path>/Users/Alikhan/Desktop/50 speed_sign/2spd9.jpeg</path>
	<source>
		<database>Unknown</database>
	</source>
	<size>
		<width>1024</width>
		<height>780</height>
		<depth>3</depth>
	</size>
	<segmented>0</segmented>
	<object>
		<name>speed_sign</name>
		<pose>Unspecified</pose>
		<truncated>0</truncated>
		<difficult>0</difficult>
		<bndbox>
			<xmin>166</xmin>
			<ymin>133</ymin>
			<xmax>340</xmax>
			<ymax>297</ymax>
		</bndbox>
	</object>
</annotation>
