<annotation>
	<folder>50 speed sign</folder>
	<filename>3.jpeg</filename>
	<path>/Users/Alikhan/Desktop/50 speed sign/3.jpeg</path>
	<source>
		<database>Unknown</database>
	</source>
	<size>
		<width>1200</width>
		<height>926</height>
		<depth>3</depth>
	</size>
	<segmented>0</segmented>
	<object>
		<name>speed_sign</name>
		<pose>Unspecified</pose>
		<truncated>0</truncated>
		<difficult>0</difficult>
		<bndbox>
			<xmin>764</xmin>
			<ymin>108</ymin>
			<xmax>969</xmax>
			<ymax>310</ymax>
		</bndbox>
	</object>
</annotation>
