<annotation>
	<folder>50 speed sign</folder>
	<filename>30.jpeg</filename>
	<path>/Users/Alikhan/Desktop/50 speed sign/30.jpeg</path>
	<source>
		<database>Unknown</database>
	</source>
	<size>
		<width>1300</width>
		<height>751</height>
		<depth>3</depth>
	</size>
	<segmented>0</segmented>
	<object>
		<name>speed_sign</name>
		<pose>Unspecified</pose>
		<truncated>0</truncated>
		<difficult>0</difficult>
		<bndbox>
			<xmin>188</xmin>
			<ymin>163</ymin>
			<xmax>338</xmax>
			<ymax>308</ymax>
		</bndbox>
	</object>
</annotation>
