<annotation>
	<folder>50 speed sign</folder>
	<filename>32.jpeg</filename>
	<path>/Users/Alikhan/Desktop/50 speed sign/32.jpeg</path>
	<source>
		<database>Unknown</database>
	</source>
	<size>
		<width>1300</width>
		<height>956</height>
		<depth>3</depth>
	</size>
	<segmented>0</segmented>
	<object>
		<name>speed_sign</name>
		<pose>Unspecified</pose>
		<truncated>0</truncated>
		<difficult>0</difficult>
		<bndbox>
			<xmin>740</xmin>
			<ymin>179</ymin>
			<xmax>983</xmax>
			<ymax>427</ymax>
		</bndbox>
	</object>
</annotation>
