<annotation>
	<folder>50 speed sign</folder>
	<filename>35.jpeg</filename>
	<path>/Users/Alikhan/Desktop/50 speed sign/35.jpeg</path>
	<source>
		<database>Unknown</database>
	</source>
	<size>
		<width>604</width>
		<height>900</height>
		<depth>3</depth>
	</size>
	<segmented>0</segmented>
	<object>
		<name>speed_sign</name>
		<pose>Unspecified</pose>
		<truncated>0</truncated>
		<difficult>0</difficult>
		<bndbox>
			<xmin>70</xmin>
			<ymin>111</ymin>
			<xmax>206</xmax>
			<ymax>251</ymax>
		</bndbox>
	</object>
</annotation>
