<annotation>
	<folder>50 speed_sign</folder>
	<filename>35spd.jpeg</filename>
	<path>/Users/Alikhan/Desktop/50 speed_sign/35spd.jpeg</path>
	<source>
		<database>Unknown</database>
	</source>
	<size>
		<width>604</width>
		<height>900</height>
		<depth>3</depth>
	</size>
	<segmented>0</segmented>
	<object>
		<name>speed_sign</name>
		<pose>Unspecified</pose>
		<truncated>0</truncated>
		<difficult>0</difficult>
		<bndbox>
			<xmin>69</xmin>
			<ymin>114</ymin>
			<xmax>208</xmax>
			<ymax>249</ymax>
		</bndbox>
	</object>
</annotation>
