<annotation>
	<folder>50 speed sign</folder>
	<filename>36.jpeg</filename>
	<path>/Users/Alikhan/Desktop/50 speed sign/36.jpeg</path>
	<source>
		<database>Unknown</database>
	</source>
	<size>
		<width>895</width>
		<height>505</height>
		<depth>3</depth>
	</size>
	<segmented>0</segmented>
	<object>
		<name>speed_sign</name>
		<pose>Unspecified</pose>
		<truncated>0</truncated>
		<difficult>0</difficult>
		<bndbox>
			<xmin>632</xmin>
			<ymin>3</ymin>
			<xmax>749</xmax>
			<ymax>116</ymax>
		</bndbox>
	</object>
</annotation>
