<annotation>
	<folder>50 speed_sign</folder>
	<filename>38spd.jpeg</filename>
	<path>/Users/Alikhan/Desktop/50 speed_sign/38spd.jpeg</path>
	<source>
		<database>Unknown</database>
	</source>
	<size>
		<width>1080</width>
		<height>562</height>
		<depth>3</depth>
	</size>
	<segmented>0</segmented>
	<object>
		<name>speed_sign</name>
		<pose>Unspecified</pose>
		<truncated>0</truncated>
		<difficult>0</difficult>
		<bndbox>
			<xmin>731</xmin>
			<ymin>68</ymin>
			<xmax>960</xmax>
			<ymax>295</ymax>
		</bndbox>
	</object>
</annotation>
