<annotation>
	<folder>50 speed_sign</folder>
	<filename>39spd.jpeg</filename>
	<path>/Users/Alikhan/Desktop/50 speed_sign/39spd.jpeg</path>
	<source>
		<database>Unknown</database>
	</source>
	<size>
		<width>1000</width>
		<height>668</height>
		<depth>3</depth>
	</size>
	<segmented>0</segmented>
	<object>
		<name>speed_sign</name>
		<pose>Unspecified</pose>
		<truncated>0</truncated>
		<difficult>0</difficult>
		<bndbox>
			<xmin>468</xmin>
			<ymin>19</ymin>
			<xmax>625</xmax>
			<ymax>180</ymax>
		</bndbox>
	</object>
</annotation>
