<annotation>
	<folder>50 speed_sign</folder>
	<filename>3spd.jpeg</filename>
	<path>/Users/Alikhan/Desktop/50 speed_sign/3spd.jpeg</path>
	<source>
		<database>Unknown</database>
	</source>
	<size>
		<width>1200</width>
		<height>926</height>
		<depth>3</depth>
	</size>
	<segmented>0</segmented>
	<object>
		<name>speed_sign</name>
		<pose>Unspecified</pose>
		<truncated>0</truncated>
		<difficult>0</difficult>
		<bndbox>
			<xmin>763</xmin>
			<ymin>110</ymin>
			<xmax>967</xmax>
			<ymax>312</ymax>
		</bndbox>
	</object>
</annotation>
