<annotation>
	<folder>50 speed_sign</folder>
	<filename>3spd1.jpeg</filename>
	<path>/Users/Alikhan/Desktop/50 speed_sign/3spd1.jpeg</path>
	<source>
		<database>Unknown</database>
	</source>
	<size>
		<width>800</width>
		<height>533</height>
		<depth>3</depth>
	</size>
	<segmented>0</segmented>
	<object>
		<name>speed_sign</name>
		<pose>Unspecified</pose>
		<truncated>0</truncated>
		<difficult>0</difficult>
		<bndbox>
			<xmin>526</xmin>
			<ymin>62</ymin>
			<xmax>757</xmax>
			<ymax>291</ymax>
		</bndbox>
	</object>
</annotation>
