<annotation>
	<folder>50 speed sign</folder>
	<filename>4.jpeg</filename>
	<path>/Users/Alikhan/Desktop/50 speed sign/4.jpeg</path>
	<source>
		<database>Unknown</database>
	</source>
	<size>
		<width>920</width>
		<height>613</height>
		<depth>3</depth>
	</size>
	<segmented>0</segmented>
	<object>
		<name>speed_sign</name>
		<pose>Unspecified</pose>
		<truncated>0</truncated>
		<difficult>0</difficult>
		<bndbox>
			<xmin>279</xmin>
			<ymin>68</ymin>
			<xmax>662</xmax>
			<ymax>498</ymax>
		</bndbox>
	</object>
</annotation>
