<annotation>
	<folder>50 speed_sign</folder>
	<filename>4spd.jpeg</filename>
	<path>/Users/Alikhan/Desktop/50 speed_sign/4spd.jpeg</path>
	<source>
		<database>Unknown</database>
	</source>
	<size>
		<width>920</width>
		<height>613</height>
		<depth>3</depth>
	</size>
	<segmented>0</segmented>
	<object>
		<name>speed_sign</name>
		<pose>Unspecified</pose>
		<truncated>0</truncated>
		<difficult>0</difficult>
		<bndbox>
			<xmin>280</xmin>
			<ymin>71</ymin>
			<xmax>662</xmax>
			<ymax>499</ymax>
		</bndbox>
	</object>
</annotation>
