<annotation>
	<folder>50 speed_sign</folder>
	<filename>5spd.jpeg</filename>
	<path>/Users/Alikhan/Desktop/50 speed_sign/5spd.jpeg</path>
	<source>
		<database>Unknown</database>
	</source>
	<size>
		<width>400</width>
		<height>600</height>
		<depth>3</depth>
	</size>
	<segmented>0</segmented>
	<object>
		<name>speed_sign</name>
		<pose>Unspecified</pose>
		<truncated>0</truncated>
		<difficult>0</difficult>
		<bndbox>
			<xmin>43</xmin>
			<ymin>115</ymin>
			<xmax>360</xmax>
			<ymax>427</ymax>
		</bndbox>
	</object>
</annotation>
