<annotation>
	<folder>50 speed sign</folder>
	<filename>6.jpeg</filename>
	<path>/Users/Alikhan/Desktop/50 speed sign/6.jpeg</path>
	<source>
		<database>Unknown</database>
	</source>
	<size>
		<width>865</width>
		<height>1390</height>
		<depth>3</depth>
	</size>
	<segmented>0</segmented>
	<object>
		<name>speed_sign</name>
		<pose>Unspecified</pose>
		<truncated>0</truncated>
		<difficult>0</difficult>
		<bndbox>
			<xmin>126</xmin>
			<ymin>472</ymin>
			<xmax>692</xmax>
			<ymax>964</ymax>
		</bndbox>
	</object>
</annotation>
