<annotation>
	<folder>50 speed_sign</folder>
	<filename>6spd.jpeg</filename>
	<path>/Users/Alikhan/Desktop/50 speed_sign/6spd.jpeg</path>
	<source>
		<database>Unknown</database>
	</source>
	<size>
		<width>865</width>
		<height>1390</height>
		<depth>3</depth>
	</size>
	<segmented>0</segmented>
	<object>
		<name>speed_sign</name>
		<pose>Unspecified</pose>
		<truncated>0</truncated>
		<difficult>0</difficult>
		<bndbox>
			<xmin>128</xmin>
			<ymin>470</ymin>
			<xmax>690</xmax>
			<ymax>968</ymax>
		</bndbox>
	</object>
</annotation>
