<annotation>
	<folder>50 speed sign</folder>
	<filename>7.jpeg</filename>
	<path>/Users/Alikhan/Desktop/50 speed sign/7.jpeg</path>
	<source>
		<database>Unknown</database>
	</source>
	<size>
		<width>1068</width>
		<height>801</height>
		<depth>3</depth>
	</size>
	<segmented>0</segmented>
	<object>
		<name>speed_sign</name>
		<pose>Unspecified</pose>
		<truncated>0</truncated>
		<difficult>0</difficult>
		<bndbox>
			<xmin>522</xmin>
			<ymin>161</ymin>
			<xmax>831</xmax>
			<ymax>474</ymax>
		</bndbox>
	</object>
</annotation>
