<annotation>
	<folder>50 speed_sign</folder>
	<filename>spd21.jpeg</filename>
	<path>/Users/Alikhan/Desktop/50 speed_sign/spd21.jpeg</path>
	<source>
		<database>Unknown</database>
	</source>
	<size>
		<width>450</width>
		<height>320</height>
		<depth>3</depth>
	</size>
	<segmented>0</segmented>
	<object>
		<name>speed_sign</name>
		<pose>Unspecified</pose>
		<truncated>0</truncated>
		<difficult>0</difficult>
		<bndbox>
			<xmin>193</xmin>
			<ymin>20</ymin>
			<xmax>293</xmax>
			<ymax>126</ymax>
		</bndbox>
	</object>
</annotation>
