<annotation>
	<folder>50 speed_sign</folder>
	<filename>spd40.jpeg</filename>
	<path>/Users/Alikhan/Desktop/50 speed_sign/spd40.jpeg</path>
	<source>
		<database>Unknown</database>
	</source>
	<size>
		<width>1023</width>
		<height>682</height>
		<depth>3</depth>
	</size>
	<segmented>0</segmented>
	<object>
		<name>speed_sign</name>
		<pose>Unspecified</pose>
		<truncated>0</truncated>
		<difficult>0</difficult>
		<bndbox>
			<xmin>153</xmin>
			<ymin>160</ymin>
			<xmax>370</xmax>
			<ymax>374</ymax>
		</bndbox>
	</object>
</annotation>
