<annotation>
	<folder>turn_sign</folder>
	<filename>zzz1trn7.jpeg</filename>
	<path>/Users/Alikhan/Desktop/turn_sign/1trn7.jpeg</path>
	<source>
		<database>Unknown</database>
	</source>
	<size>
		<width>800</width>
		<height>533</height>
		<depth>3</depth>
	</size>
	<segmented>0</segmented>
	<object>
		<name>turn_sign</name>
		<pose>Unspecified</pose>
		<truncated>0</truncated>
		<difficult>0</difficult>
		<bndbox>
			<xmin>148</xmin>
			<ymin>130</ymin>
			<xmax>341</xmax>
			<ymax>319</ymax>
		</bndbox>
	</object>
</annotation>
