<annotation>
	<folder>turn_sign</folder>
	<filename>zzz1trn9.jpeg</filename>
	<path>/Users/Alikhan/Desktop/turn_sign/1trn9.jpeg</path>
	<source>
		<database>Unknown</database>
	</source>
	<size>
		<width>500</width>
		<height>750</height>
		<depth>3</depth>
	</size>
	<segmented>0</segmented>
	<object>
		<name>turn_sign</name>
		<pose>Unspecified</pose>
		<truncated>0</truncated>
		<difficult>0</difficult>
		<bndbox>
			<xmin>50</xmin>
			<ymin>242</ymin>
			<xmax>489</xmax>
			<ymax>676</ymax>
		</bndbox>
	</object>
</annotation>
