<annotation>
	<folder>turn_sign</folder>
	<filename>zzz10trn.jpeg</filename>
	<path>/Users/Alikhan/Desktop/turn_sign/10trn.jpeg</path>
	<source>
		<database>Unknown</database>
	</source>
	<size>
		<width>300</width>
		<height>220</height>
		<depth>3</depth>
	</size>
	<segmented>0</segmented>
	<object>
		<name>turn_sign</name>
		<pose>Unspecified</pose>
		<truncated>0</truncated>
		<difficult>0</difficult>
		<bndbox>
			<xmin>74</xmin>
			<ymin>26</ymin>
			<xmax>160</xmax>
			<ymax>104</ymax>
		</bndbox>
	</object>
</annotation>
