<annotation>
	<folder>turn_sign</folder>
	<filename>zzz16trn.jpg</filename>
	<path>/Users/Alikhan/Desktop/turn_sign/16trn.jpg</path>
	<source>
		<database>Unknown</database>
	</source>
	<size>
		<width>1600</width>
		<height>1156</height>
		<depth>3</depth>
	</size>
	<segmented>0</segmented>
	<object>
		<name>turn_sign</name>
		<pose>Unspecified</pose>
		<truncated>0</truncated>
		<difficult>0</difficult>
		<bndbox>
			<xmin>130</xmin>
			<ymin>75</ymin>
			<xmax>877</xmax>
			<ymax>812</ymax>
		</bndbox>
	</object>
</annotation>
