'''<annotation>
	<folder>turn_sign</folder>
	<filename>zzz1trn1.jpeg</filename>
	<path>/Users/Alikhan/Desktop/turn_sign/1trn1.jpeg</path>
	<source>
		<database>Unknown</database>
	</source>
	<size>
		<width>1300</width>
		<height>958</height>
		<depth>3</depth>
	</size>
	<segmented>0</segmented>
	<object>
		<name>turn_sign</name>
		<pose>Unspecified</pose>
		<truncated>0</truncated>
		<difficult>0</difficult>
		<bndbox>
			<xmin>628</xmin>
			<ymin>151</ymin>
			<xmax>1082</xmax>
			<ymax>608</ymax>
		</bndbox>
	</object>
</annotation>
