<annotation>
	<folder>turn_sign</folder>
	<filename>zzz2trn1.jpeg</filename>
	<path>/Users/Alikhan/Desktop/turn_sign/2trn1.jpeg</path>
	<source>
		<database>Unknown</database>
	</source>
	<size>
		<width>600</width>
		<height>900</height>
		<depth>3</depth>
	</size>
	<segmented>0</segmented>
	<object>
		<name>turn_sign</name>
		<pose>Unspecified</pose>
		<truncated>0</truncated>
		<difficult>0</difficult>
		<bndbox>
			<xmin>84</xmin>
			<ymin>72</ymin>
			<xmax>402</xmax>
			<ymax>356</ymax>
		</bndbox>
	</object>
</annotation>
