<annotation>
	<folder>turn_sign</folder>
	<filename>zzz2trn2.jpeg</filename>
	<path>/Users/Alikhan/Desktop/turn_sign/2trn2.jpeg</path>
	<source>
		<database>Unknown</database>
	</source>
	<size>
		<width>1500</width>
		<height>1098</height>
		<depth>3</depth>
	</size>
	<segmented>0</segmented>
	<object>
		<name>turn_sign</name>
		<pose>Unspecified</pose>
		<truncated>0</truncated>
		<difficult>0</difficult>
		<bndbox>
			<xmin>319</xmin>
			<ymin>128</ymin>
			<xmax>882</xmax>
			<ymax>683</ymax>
		</bndbox>
	</object>
</annotation>
