<annotation>
	<folder>turn_sign</folder>
	<filename>zzz2trn0.jpeg</filename>
	<path>/Users/Alikhan/Desktop/turn_sign/2trn0.jpeg</path>
	<source>
		<database>Unknown</database>
	</source>
	<size>
		<width>1300</width>
		<height>894</height>
		<depth>3</depth>
	</size>
	<segmented>0</segmented>
	<object>
		<name>turn_sign</name>
		<pose>Unspecified</pose>
		<truncated>0</truncated>
		<difficult>0</difficult>
		<bndbox>
			<xmin>106</xmin>
			<ymin>254</ymin>
			<xmax>467</xmax>
			<ymax>609</ymax>
		</bndbox>
	</object>
</annotation>
