<annotation>
	<folder>turn_sign</folder>
	<filename>zzz28trn.jpeg</filename>
	<path>/Users/Alikhan/Desktop/turn_sign/28trn.jpeg</path>
	<source>
		<database>Unknown</database>
	</source>
	<size>
		<width>1125</width>
		<height>1600</height>
		<depth>3</depth>
	</size>
	<segmented>0</segmented>
	<object>
		<name>turn_sign</name>
		<pose>Unspecified</pose>
		<truncated>0</truncated>
		<difficult>0</difficult>
		<bndbox>
			<xmin>64</xmin>
			<ymin>245</ymin>
			<xmax>1082</xmax>
			<ymax>1241</ymax>
		</bndbox>
	</object>
</annotation>
