<annotation>
	<folder>turn_sign</folder>
	<filename>zzz2trn4.jpeg</filename>
	<path>/Users/Alikhan/Desktop/turn_sign/2trn4.jpeg</path>
	<source>
		<database>Unknown</database>
	</source>
	<size>
		<width>284</width>
		<height>160</height>
		<depth>3</depth>
	</size>
	<segmented>0</segmented>
	<object>
		<name>turn_sign</name>
		<pose>Unspecified</pose>
		<truncated>0</truncated>
		<difficult>0</difficult>
		<bndbox>
			<xmin>158</xmin>
			<ymin>19</ymin>
			<xmax>219</xmax>
			<ymax>78</ymax>
		</bndbox>
	</object>
</annotation>
