<annotation>
	<folder>turn_sign</folder>
	<filename>zzztrn1.png</filename>
	<path>/Users/Alikhan/Desktop/turn_sign/trn1.png</path>
	<source>
		<database>Unknown</database>
	</source>
	<size>
		<width>800</width>
		<height>800</height>
		<depth>3</depth>
	</size>
	<segmented>0</segmented>
	<object>
		<name>turn_sign</name>
		<pose>Unspecified</pose>
		<truncated>0</truncated>
		<difficult>0</difficult>
		<bndbox>
			<xmin>79</xmin>
			<ymin>53</ymin>
			<xmax>593</xmax>
			<ymax>554</ymax>
		</bndbox>
	</object>
</annotation>
