<annotation>
	<folder>turn_sign</folder>
	<filename>zzztrn8.jpeg</filename>
	<path>/Users/Alikhan/Desktop/turn_sign/trn8.jpeg</path>
	<source>
		<database>Unknown</database>
	</source>
	<size>
		<width>450</width>
		<height>321</height>
		<depth>3</depth>
	</size>
	<segmented>0</segmented>
	<object>
		<name>turn_sign</name>
		<pose>Unspecified</pose>
		<truncated>0</truncated>
		<difficult>0</difficult>
		<bndbox>
			<xmin>254</xmin>
			<ymin>80</ymin>
			<xmax>365</xmax>
			<ymax>194</ymax>
		</bndbox>
	</object>
</annotation>
