<annotation>
	<folder>turn_sign</folder>
	<filename>zzztrn6.jpeg</filename>
	<path>/Users/Alikhan/Desktop/turn_sign/trn6.jpeg</path>
	<source>
		<database>Unknown</database>
	</source>
	<size>
		<width>800</width>
		<height>673</height>
		<depth>3</depth>
	</size>
	<segmented>0</segmented>
	<object>
		<name>turn_sign</name>
		<pose>Unspecified</pose>
		<truncated>0</truncated>
		<difficult>0</difficult>
		<bndbox>
			<xmin>268</xmin>
			<ymin>177</ymin>
			<xmax>534</xmax>
			<ymax>433</ymax>
		</bndbox>
	</object>
</annotation>
